Lambda:10,processor number:4,step:0.1,utilization range:[0-2],period range:[1e+02-5e+02]
Scheduling test method:,LP-RTA-GFP-FMLP,,,LP-RTA-PFP-MPCP,,,
Utilization,experiment times,success times,success ratio,experiment times,success times,success ratio,
0,1500,1500,1,1500,1500,1,
0.1,1500,1500,1,1500,1498,0.998667,
0.2,1500,1500,1,1500,1363,0.908667,
0.3,1500,1499,0.999333,1500,972,0.648,
0.4,1500,1497,0.998,1500,630,0.42,
0.5,1500,1490,0.993333,1500,344,0.229333,
0.6,1500,1466,0.977333,1500,139,0.0926667,
0.7,1500,1429,0.952667,1500,63,0.042,
0.8,1500,1341,0.894,1500,28,0.0186667,
0.9,1500,1098,0.732,1500,7,0.00466667,
1,1500,862,0.574667,1500,2,0.00133333,
1.1,1500,404,0.269333,1500,0,0,
1.2,1500,82,0.0546667,1500,0,0,
1.3,1500,3,0.002,1500,0,0,
1.4,1500,0,0,1500,0,0,
1.5,1500,0,0,1500,0,0,
1.6,1500,0,0,1500,0,0,
1.7,1500,0,0,1500,0,0,
1.8,1500,0,0,1500,0,0,
1.9,1500,0,0,1500,0,0,
2,1500,0,0,1500,0,0,
