Lambda:10, processor number:4, step:0.1, utilization range:[0-2], period range:[1e+02-5e+02]
Utilization,LP-RTA-GFP-FMLP ratio,LP-RTA-PFP-MPCP ratio,
0,1,1,
0.1,1,0.999,
0.2,1,0.909,
0.3,0.999,0.648,
0.4,0.998,0.42,
0.5,0.993,0.229,
0.6,0.977,0.0927,
0.7,0.953,0.042,
0.8,0.894,0.0187,
0.9,0.732,0.00467,
1,0.575,0.00133,
1.1,0.269,0,
1.2,0.0547,0,
1.3,0.002,0,
1.4,0,0,
1.5,0,0,
1.6,0,0,
1.7,0,0,
1.8,0,0,
1.9,0,0,
2,0,0,
